"No.","Time","Source","Destination","Protocol","Length","Info"
"1","0.000000","37.9.96.13","192.168.0.12","TCP","66","443  >  52199 [SYN, ACK] Seq=0 Ack=1 Win=42300 Len=0 MSS=1410 SACK_PERM=1 WS=4096"
"2","0.000273","192.168.0.12","37.9.96.13","TCP","54","52199  >  443 [ACK] Seq=1 Ack=1 Win=258 Len=0"
"4","0.248057","37.9.96.13","192.168.0.12","TCP","54","443  >  52199 [ACK] Seq=1 Ack=459 Win=45056 Len=0"
"8","0.508184","37.9.96.13","192.168.0.12","TCP","54","443  >  52199 [ACK] Seq=125 Ack=832 Win=45056 Len=0"
"10","0.514542","192.168.0.12","192.168.0.1","TCP","66","52200  >  5431 [SYN] Seq=0 Win=64240 Len=0 MSS=1460 WS=256 SACK_PERM=1"
"11","0.517251","192.168.0.1","192.168.0.12t","TCP","62","5431  >  52200 [SYN, ACK] Seq=0 Ack=1 Win=8192 Len=0 MSS=1460 WS=1"
"12","0.517453","192.168.0.12","192.168.0.1","TCP","54","52200  >  5431 [ACK] Seq=1 Ack=1 Win=65536 Len=0"
"13","0.517682","192.168.0.12","192.168.0.1","TCP","387","52200  >  5431 [PSH, ACK] Seq=1 Ack=1 Win=65536 Len=333 [TCP segment of a reassembled PDU]"
"16","0.525686","192.168.0.12","192.168.0.1","TCP","54","52200  >  5431 [FIN, ACK] Seq=643 Ack=502 Win=65024 Len=0"
"17","0.525867","192.168.0.1","192.168.0.12","TCP","54","5431  >  52200 [FIN, ACK] Seq=502 Ack=643 Win=8192 Len=0"
"18","0.525976","192.168.0.12","192.168.0.1","TCP","54","52200  >  5431 [ACK] Seq=644 Ack=503 Win=65024 Len=0"
"19","0.529199","192.168.0.1","192.168.0.12","TCP","54","5431  >  52200 [ACK] Seq=503 Ack=644 Win=8192 Len=0"
"20","0.530977","192.168.0.12","192.168.0.1","TCP","66","52201  >  5431 [SYN] Seq=0 Win=64240 Len=0 MSS=1460 WS=256 SACK_PERM=1"
"21","0.534256","192.168.0.1","192.168.0.12","TCP","62","5431  >  52201 [SYN, ACK] Seq=0 Ack=1 Win=8192 Len=0 MSS=1460 WS=1"
"22","0.534456","192.168.0.12","192.168.0.1","TCP","54","52201  >  5431 [ACK] Seq=1 Ack=1 Win=65536 Len=0"
"23","0.534697","192.168.0.12","192.168.0.1","TCP","391","52201  >  5431 [PSH, ACK] Seq=1 Ack=1 Win=65536 Len=337 [TCP segment of a reassembled PDU]"
"26","0.543177","192.168.0.12","192.168.0.1","TCP","54","52201  >  5431 [FIN, ACK] Seq=651 Ack=518 Win=65024 Len=0"
"27","0.543513","192.168.0.1","192.168.0.12","TCP","54","5431  >  52201 [FIN, ACK] Seq=518 Ack=651 Win=8192 Len=0"
"28","0.543658","192.168.0.12","192.168.0.1","TCP","54","52201  >  5431 [ACK] Seq=652 Ack=519 Win=65024 Len=0"
"29","0.546377","192.168.0.1","192.168.0.12","TCP","54","5431  >  52201 [ACK] Seq=519 Ack=652 Win=8192 Len=0"
"30","0.547823","192.168.0.12","192.168.0.1","TCP","66","52202  >  5431 [SYN] Seq=0 Win=64240 Len=0 MSS=1460 WS=256 SACK_PERM=1"
"31","0.550563","192.168.0.1","192.168.0.12","TCP","62","5431  >  52202 [SYN, ACK] Seq=0 Ack=1 Win=8192 Len=0 MSS=1460 WS=1"
"32","0.550760","192.168.0.12","192.168.0.1","TCP","54","52202  >  5431 [ACK] Seq=1 Ack=1 Win=65536 Len=0"
"33","0.550981","192.168.0.12","192.168.0.1","TCP","387","52202  >  5431 [PSH, ACK] Seq=1 Ack=1 Win=65536 Len=333 [TCP segment of a reassembled PDU]"
"34","0.551078","192.168.0.12","37.9.96.13","TCP","54","52199  >  443 [ACK] Seq=832 Ack=739 Win=255 Len=0"
"37","0.559568","192.168.0.12","192.168.0.1","TCP","54","52202  >  5431 [FIN, ACK] Seq=643 Ack=502 Win=65024 Len=0"
"38","0.559856","192.168.0.1","192.168.0.12","TCP","54","5431  >  52202 [FIN, ACK] Seq=502 Ack=643 Win=8192 Len=0"
"39","0.560088","192.168.0.12","192.168.0.1","TCP","54","52202  >  5431 [ACK] Seq=644 Ack=503 Win=65024 Len=0"
"40","0.562215","192.168.0.1","192.168.0.12","TCP","54","5431  >  52202 [ACK] Seq=503 Ack=644 Win=8192 Len=0"
"41","0.564440","192.168.0.12","192.168.0.1","TCP","66","52203  >  5431 [SYN] Seq=0 Win=64240 Len=0 MSS=1460 WS=256 SACK_PERM=1"
"42","0.567222","192.168.0.1","192.168.0.12","TCP","62","5431  >  52203 [SYN, ACK] Seq=0 Ack=1 Win=8192 Len=0 MSS=1460 WS=1"
"43","0.567421","192.168.0.12","192.168.0.1","TCP","54","52203  >  5431 [ACK] Seq=1 Ack=1 Win=65536 Len=0"
"44","0.567635","192.168.0.12","192.168.0.1","TCP","391","52203  >  5431 [PSH, ACK] Seq=1 Ack=1 Win=65536 Len=337 [TCP segment of a reassembled PDU]"
"47","0.573517","192.168.0.12","192.168.0.1","TCP","54","52203  >  5431 [FIN, ACK] Seq=651 Ack=518 Win=65024 Len=0"
"48","0.573735","192.168.0.1","192.168.0.12","TCP","54","5431  >  52203 [FIN, ACK] Seq=518 Ack=651 Win=8192 Len=0"
"49","0.573879","192.168.0.12","192.168.0.1","TCP","54","52203  >  5431 [ACK] Seq=652 Ack=519 Win=65024 Len=0"
"50","0.576424","192.168.0.1","192.168.0.12","TCP","54","5431  >  52203 [ACK] Seq=519 Ack=652 Win=8192 Len=0"
"51","0.578910","192.168.0.12","192.168.0.1","TCP","66","52204  >  5431 [SYN] Seq=0 Win=64240 Len=0 MSS=1460 WS=256 SACK_PERM=1"
"52","0.585816","192.168.0.1","192.168.0.12","TCP","62","5431  >  52204 [SYN, ACK] Seq=0 Ack=1 Win=8192 Len=0 MSS=1460 WS=1"
"53","0.586017","192.168.0.12","192.168.0.1","TCP","54","52204  >  5431 [ACK] Seq=1 Ack=1 Win=65536 Len=0"
"54","0.586237","192.168.0.12","192.168.0.1","TCP","387","52204  >  5431 [PSH, ACK] Seq=1 Ack=1 Win=65536 Len=333 [TCP segment of a reassembled PDU]"
"57","0.593724","192.168.0.12","192.168.0.1","TCP","54","52204  >  5431 [FIN, ACK] Seq=643 Ack=502 Win=65024 Len=0"
"58","0.594065","192.168.0.1","192.168.0.12","TCP","54","5431  >  52204 [FIN, ACK] Seq=502 Ack=643 Win=8192 Len=0"
"59","0.594205","192.168.0.12","192.168.0.1","TCP","54","52204  >  5431 [ACK] Seq=644 Ack=503 Win=65024 Len=0"
"60","0.597096","192.168.0.1","192.168.0.12","TCP","54","5431  >  52204 [ACK] Seq=503 Ack=644 Win=8192 Len=0"
"61","0.597779","192.168.0.12","192.168.0.1","TCP","66","52205  >  5431 [SYN] Seq=0 Win=64240 Len=0 MSS=1460 WS=256 SACK_PERM=1"
"62","0.603236","192.168.0.1","192.168.0.12","TCP","62","5431  >  52205 [SYN, ACK] Seq=0 Ack=1 Win=8192 Len=0 MSS=1460 WS=1"
"63","0.603446","192.168.0.12","192.168.0.1","TCP","54","52205  >  5431 [ACK] Seq=1 Ack=1 Win=65536 Len=0"
"64","0.603662","192.168.0.12","192.168.0.1","TCP","391","52205  >  5431 [PSH, ACK] Seq=1 Ack=1 Win=65536 Len=337 [TCP segment of a reassembled PDU]"
"67","0.609476","192.168.0.12","192.168.0.1","TCP","54","52205  >  5431 [FIN, ACK] Seq=651 Ack=518 Win=65024 Len=0"
"68","0.610074","192.168.0.1","192.168.0.12","TCP","54","5431  >  52205 [FIN, ACK] Seq=518 Ack=651 Win=8192 Len=0"
"69","0.610236","192.168.0.12","192.168.0.1","TCP","54","52205  >  5431 [ACK] Seq=652 Ack=519 Win=65024 Len=0"
"70","0.613069","192.168.0.1","192.168.0.12","TCP","54","5431  >  52205 [ACK] Seq=519 Ack=652 Win=8192 Len=0"
"71","0.614959","192.168.0.12","192.168.0.1","TCP","66","52206  >  5431 [SYN] Seq=0 Win=64240 Len=0 MSS=1460 WS=256 SACK_PERM=1"
"72","0.618287","192.168.0.1","192.168.0.12","TCP","62","5431  >  52206 [SYN, ACK] Seq=0 Ack=1 Win=8192 Len=0 MSS=1460 WS=1"
"73","0.618480","192.168.0.12","192.168.0.1","TCP","54","52206  >  5431 [ACK] Seq=1 Ack=1 Win=65536 Len=0"
"74","0.618688","192.168.0.12","192.168.0.1","TCP","387","52206  >  5431 [PSH, ACK] Seq=1 Ack=1 Win=65536 Len=333 [TCP segment of a reassembled PDU]"
"77","0.624456","192.168.0.12","192.168.0.1","TCP","54","52206  >  5431 [FIN, ACK] Seq=643 Ack=502 Win=65024 Len=0"
"78","0.624923","192.168.0.1","192.168.0.12","TCP","54","5431  >  52206 [FIN, ACK] Seq=502 Ack=643 Win=8192 Len=0"
"79","0.625067","192.168.0.12","192.168.0.1","TCP","54","52206  >  5431 [ACK] Seq=644 Ack=503 Win=65024 Len=0"
"80","0.627925","192.168.0.1","192.168.0.12","TCP","54","5431  >  52206 [ACK] Seq=503 Ack=644 Win=8192 Len=0"
"81","0.629375","192.168.0.12","192.168.0.1","TCP","66","52207  >  5431 [SYN] Seq=0 Win=64240 Len=0 MSS=1460 WS=256 SACK_PERM=1"
"82","0.632975","192.168.0.1","192.168.0.12","TCP","62","5431  >  52207 [SYN, ACK] Seq=0 Ack=1 Win=8192 Len=0 MSS=1460 WS=1"
"83","0.633169","192.168.0.12","192.168.0.1","TCP","54","52207  >  5431 [ACK] Seq=1 Ack=1 Win=65536 Len=0"
"84","0.633384","192.168.0.12","192.168.0.1","TCP","391","52207  >  5431 [PSH, ACK] Seq=1 Ack=1 Win=65536 Len=337 [TCP segment of a reassembled PDU]"
"87","0.639607","192.168.0.12","192.168.0.1","TCP","54","52207  >  5431 [FIN, ACK] Seq=651 Ack=518 Win=65024 Len=0"
"88","0.639878","192.168.0.1","192.168.0.12","TCP","54","5431  >  52207 [FIN, ACK] Seq=518 Ack=651 Win=8192 Len=0"
"89","0.639999","192.168.0.12","192.168.0.1","TCP","54","52207  >  5431 [ACK] Seq=652 Ack=519 Win=65024 Len=0"
"90","0.642238","192.168.0.1","192.168.0.12","TCP","54","5431  >  52207 [ACK] Seq=519 Ack=652 Win=8192 Len=0"
"92","1.207127","37.9.96.21","192.168.0.12","TCP","54","443  >  52120 [FIN, ACK] Seq=32 Ack=1 Win=11 Len=0"
"93","1.207861","192.168.0.12","37.9.96.21","TCP","54","52120  >  443 [ACK] Seq=1 Ack=33 Win=255 Len=0"
"95","1.207994","192.168.0.12","37.9.96.21","TCP","54","52120  >  443 [FIN, ACK] Seq=32 Ack=33 Win=255 Len=0"
"97","1.217821","192.168.0.12","37.9.96.13","TCP","66","[TCP Dup ACK 34#1] 52199  >  443 [ACK] Seq=832 Ack=739 Win=255 Len=0 SLE=125 SRE=739"
"98","1.420764","37.9.96.21","192.168.0.12","TCP","54","443  >  52120 [RST] Seq=33 Win=0 Len=0"
"99","1.431069","37.9.96.21","192.168.0.12","TCP","54","443  >  52120 [RST] Seq=33 Win=0 Len=0"
"100","1.614012","192.168.0.12","192.168.0.1","TCP","66","52208  >  5431 [SYN] Seq=0 Win=64240 Len=0 MSS=1460 WS=256 SACK_PERM=1"
"101","1.616842","192.168.0.1","192.168.0.12","TCP","62","5431  >  52208 [SYN, ACK] Seq=0 Ack=1 Win=8192 Len=0 MSS=1460 WS=1"
"102","1.617041","192.168.0.12","192.168.0.1","TCP","54","52208  >  5431 [ACK] Seq=1 Ack=1 Win=65536 Len=0"
"103","1.617280","192.168.0.12","192.168.0.1","TCP","387","52208  >  5431 [PSH, ACK] Seq=1 Ack=1 Win=65536 Len=333 [TCP segment of a reassembled PDU]"
"106","1.624063","192.168.0.1","192.168.0.12","TCP","54","5431  >  52208 [FIN, ACK] Seq=502 Ack=643 Win=8192 Len=0"
"107","1.624255","192.168.0.12","192.168.0.1","TCP","54","52208  >  5431 [ACK] Seq=643 Ack=503 Win=65024 Len=0"
"108","1.624290","192.168.0.12","192.168.0.1","TCP","54","52208  >  5431 [FIN, ACK] Seq=643 Ack=503 Win=65024 Len=0"
"109","1.628905","192.168.0.1","192.168.0.12","TCP","54","5431  >  52208 [ACK] Seq=503 Ack=644 Win=8192 Len=0"
"110","1.629719","192.168.0.12","192.168.0.1","TCP","66","52209  >  5431 [SYN] Seq=0 Win=64240 Len=0 MSS=1460 WS=256 SACK_PERM=1"
"111","1.633418","192.168.0.1","192.168.0.12","TCP","62","5431  >  52209 [SYN, ACK] Seq=0 Ack=1 Win=8192 Len=0 MSS=1460 WS=1"
"112","1.633631","192.168.0.12","192.168.0.1","TCP","54","52209  >  5431 [ACK] Seq=1 Ack=1 Win=65536 Len=0"
"113","1.633885","192.168.0.12","192.168.0.1","TCP","391","52209  >  5431 [PSH, ACK] Seq=1 Ack=1 Win=65536 Len=337 [TCP segment of a reassembled PDU]"
"116","1.643129","192.168.0.1","192.168.0.12","TCP","54","5431  >  52209 [FIN, ACK] Seq=518 Ack=651 Win=8192 Len=0"
"117","1.643389","192.168.0.12","192.168.0.1","TCP","54","52209  >  5431 [ACK] Seq=651 Ack=519 Win=65024 Len=0"
"118","1.645016","192.168.0.12","192.168.0.1","TCP","54","52209  >  5431 [FIN, ACK] Seq=651 Ack=519 Win=65024 Len=0"
"119","1.648059","192.168.0.1","192.168.0.12","TCP","54","5431  >  52209 [ACK] Seq=519 Ack=652 Win=8192 Len=0"
"120","1.649575","192.168.0.12","192.168.0.1","TCP","66","52210  >  5431 [SYN] Seq=0 Win=64240 Len=0 MSS=1460 WS=256 SACK_PERM=1"
"121","1.654849","192.168.0.1","192.168.0.12","TCP","62","5431  >  52210 [SYN, ACK] Seq=0 Ack=1 Win=8192 Len=0 MSS=1460 WS=1"
"122","1.655061","192.168.0.12","192.168.0.1","TCP","54","52210  >  5431 [ACK] Seq=1 Ack=1 Win=65536 Len=0"
"123","1.655326","192.168.0.12","192.168.0.1","TCP","387","52210  >  5431 [PSH, ACK] Seq=1 Ack=1 Win=65536 Len=333 [TCP segment of a reassembled PDU]"
"126","1.662171","192.168.0.12","192.168.0.1","TCP","54","52210  >  5431 [FIN, ACK] Seq=643 Ack=502 Win=65024 Len=0"
"127","1.662481","192.168.0.1","192.168.0.12","TCP","54","5431  >  52210 [FIN, ACK] Seq=502 Ack=643 Win=8192 Len=0"
"128","1.662633","192.168.0.12","192.168.0.1","TCP","54","52210  >  5431 [ACK] Seq=644 Ack=503 Win=65024 Len=0"
"129","1.664923","192.168.0.1","192.168.0.12","TCP","54","5431  >  52210 [ACK] Seq=503 Ack=644 Win=8192 Len=0"
"130","1.667507","192.168.0.12","192.168.0.1","TCP","66","52211  >  5431 [SYN] Seq=0 Win=64240 Len=0 MSS=1460 WS=256 SACK_PERM=1"
"131","1.670346","192.168.0.1","192.168.0.12","TCP","62","5431  >  52211 [SYN, ACK] Seq=0 Ack=1 Win=8192 Len=0 MSS=1460 WS=1"
"132","1.670540","192.168.0.12","192.168.0.1","TCP","54","52211  >  5431 [ACK] Seq=1 Ack=1 Win=65536 Len=0"
"133","1.670804","192.168.0.12","192.168.0.1","TCP","391","52211  >  5431 [PSH, ACK] Seq=1 Ack=1 Win=65536 Len=337 [TCP segment of a reassembled PDU]"
"136","1.677896","192.168.0.1","192.168.0.12","TCP","54","5431  >  52211 [FIN, ACK] Seq=518 Ack=651 Win=8192 Len=0"
"137","1.677914","192.168.0.12","192.168.0.1","TCP","54","52211  >  5431 [FIN, ACK] Seq=651 Ack=518 Win=65024 Len=0"
"138","1.678091","192.168.0.12","192.168.0.1","TCP","54","52211  >  5431 [ACK] Seq=652 Ack=519 Win=65024 Len=0"
"140","1.684319","192.168.0.1","192.168.0.12","TCP","54","5431  >  52211 [ACK] Seq=519 Ack=652 Win=8192 Len=0"
"142","1.959056","192.168.0.12","37.9.96.14","TCP","66","52212  >  443 [SYN] Seq=0 Win=64240 Len=0 MSS=1460 WS=256 SACK_PERM=1"
"143","1.996830","192.168.0.12","5.45.205.244","TCP","54","52096  >  443 [ACK] Seq=287 Ack=441 Win=257 Len=0"
"144","2.137636","204.79.197.254","192.168.0.12","TCP","54","443  >  51925 [RST, ACK] Seq=1 Ack=1 Win=0 Len=0"
"145","2.179063","37.9.96.14","192.168.0.12","TCP","66","443  >  52212 [SYN, ACK] Seq=0 Ack=1 Win=42300 Len=0 MSS=1410 SACK_PERM=1 WS=4096"
"146","2.179299","192.168.0.12","37.9.96.14","TCP","54","52212  >  443 [ACK] Seq=1 Ack=1 Win=66048 Len=0"
"148","2.407931","192.168.0.12","192.168.0.1","TCP","66","52213  >  5431 [SYN] Seq=0 Win=64240 Len=0 MSS=1460 WS=256 SACK_PERM=1"
"149","2.411258","192.168.0.1","192.168.0.12","TCP","62","5431  >  52213 [SYN, ACK] Seq=0 Ack=1 Win=8192 Len=0 MSS=1460 WS=1"
"150","2.411662","192.168.0.12","192.168.0.1","TCP","54","52213  >  5431 [ACK] Seq=1 Ack=1 Win=65536 Len=0"
"153","2.417155","192.168.0.12","192.168.0.1","TCP","54","52213  >  5431 [FIN, ACK] Seq=255 Ack=140 Win=65536 Len=0"
"154","2.419229","192.168.0.1","192.168.0.12","TCP","54","5431  >  52213 [FIN, ACK] Seq=140 Ack=255 Win=8192 Len=0"
"155","2.419389","192.168.0.12","192.168.0.1","TCP","54","52213  >  5431 [ACK] Seq=256 Ack=141 Win=65536 Len=0"
"156","2.419998","192.168.0.1","192.168.0.12","TCP","54","5431  >  52213 [ACK] Seq=141 Ack=256 Win=8192 Len=0"
"158","2.440138","37.9.96.14","192.168.0.12","TCP","54","443  >  52212 [ACK] Seq=1 Ack=459 Win=45056 Len=0"
"162","2.708898","37.9.96.14","192.168.0.12","TCP","54","443  >  52212 [ACK] Seq=125 Ack=832 Win=45056 Len=0"
"164","2.715535","192.168.0.12","192.168.0.1","TCP","66","52214  >  5431 [SYN] Seq=0 Win=64240 Len=0 MSS=1460 WS=256 SACK_PERM=1"
"165","2.718330","192.168.0.1","192.168.0.12","TCP","62","5431  >  52214 [SYN, ACK] Seq=0 Ack=1 Win=8192 Len=0 MSS=1460 WS=1"
"166","2.718579","192.168.0.12","192.168.0.1","TCP","54","52214  >  5431 [ACK] Seq=1 Ack=1 Win=65536 Len=0"
"167","2.718846","192.168.0.12","192.168.0.1","TCP","387","52214  >  5431 [PSH, ACK] Seq=1 Ack=1 Win=65536 Len=333 [TCP segment of a reassembled PDU]"
"170","2.724601","192.168.0.12","192.168.0.1","TCP","54","52214  >  5431 [FIN, ACK] Seq=643 Ack=502 Win=65024 Len=0"
"171","2.724878","192.168.0.1","192.168.0.12","TCP","54","5431  >  52214 [FIN, ACK] Seq=502 Ack=643 Win=8192 Len=0"
"172","2.724980","192.168.0.12","192.168.0.1","TCP","54","52214  >  5431 [ACK] Seq=644 Ack=503 Win=65024 Len=0"
"173","2.728744","192.168.0.1","192.168.0.12","TCP","54","5431  >  52214 [ACK] Seq=503 Ack=644 Win=8192 Len=0"
"174","2.730810","192.168.0.12","192.168.0.1","TCP","66","52215  >  5431 [SYN] Seq=0 Win=64240 Len=0 MSS=1460 WS=256 SACK_PERM=1"
"175","2.736665","192.168.0.1","192.168.0.12","TCP","62","5431  >  52215 [SYN, ACK] Seq=0 Ack=1 Win=8192 Len=0 MSS=1460 WS=1"
"176","2.736869","192.168.0.12","192.168.0.1","TCP","54","52215  >  5431 [ACK] Seq=1 Ack=1 Win=65536 Len=0"
"177","2.737106","192.168.0.12","192.168.0.1","TCP","391","52215  >  5431 [PSH, ACK] Seq=1 Ack=1 Win=65536 Len=337 [TCP segment of a reassembled PDU]"
"180","2.746426","192.168.0.12","192.168.0.1","TCP","54","52215  >  5431 [FIN, ACK] Seq=651 Ack=518 Win=65024 Len=0"
"181","2.746576","192.168.0.1","192.168.0.12","TCP","54","5431  >  52215 [FIN, ACK] Seq=518 Ack=651 Win=8192 Len=0"
"182","2.746661","192.168.0.12","192.168.0.1","TCP","54","52215  >  5431 [ACK] Seq=652 Ack=519 Win=65024 Len=0"
"183","2.750596","192.168.0.12","192.168.0.1","TCP","66","52216  >  5431 [SYN] Seq=0 Win=64240 Len=0 MSS=1460 WS=256 SACK_PERM=1"
"184","2.750665","192.168.0.12","37.9.96.14","TCP","54","52212  >  443 [ACK] Seq=832 Ack=652 Win=65536 Len=0"
"185","2.750960","192.168.0.1","192.168.0.12","TCP","54","5431  >  52215 [ACK] Seq=519 Ack=652 Win=8192 Len=0"
"186","2.753438","192.168.0.1","192.168.0.12","TCP","62","5431  >  52216 [SYN, ACK] Seq=0 Ack=1 Win=8192 Len=0 MSS=1460 WS=1"
"187","2.753612","192.168.0.12","192.168.0.1","TCP","54","52216  >  5431 [ACK] Seq=1 Ack=1 Win=65536 Len=0"
"188","2.753853","192.168.0.12","192.168.0.1","TCP","387","52216  >  5431 [PSH, ACK] Seq=1 Ack=1 Win=65536 Len=333 [TCP segment of a reassembled PDU]"
"191","2.760304","192.168.0.12","192.168.0.1","TCP","54","52216  >  5431 [FIN, ACK] Seq=643 Ack=502 Win=65024 Len=0"
"192","2.760579","192.168.0.1","192.168.0.12","TCP","54","5431  >  52216 [FIN, ACK] Seq=502 Ack=643 Win=8192 Len=0"
"193","2.760720","192.168.0.12","192.168.0.1","TCP","54","52216  >  5431 [ACK] Seq=644 Ack=503 Win=65024 Len=0"
"194","2.763601","192.168.0.1","192.168.0.12","TCP","54","5431  >  52216 [ACK] Seq=503 Ack=644 Win=8192 Len=0"
"195","2.765723","192.168.0.12","192.168.0.1","TCP","66","52217  >  5431 [SYN] Seq=0 Win=64240 Len=0 MSS=1460 WS=256 SACK_PERM=1"
"196","2.771661","192.168.0.1","192.168.0.12","TCP","62","5431  >  52217 [SYN, ACK] Seq=0 Ack=1 Win=8192 Len=0 MSS=1460 WS=1"
"197","2.771903","192.168.0.12","192.168.0.1","TCP","54","52217  >  5431 [ACK] Seq=1 Ack=1 Win=65536 Len=0"
"198","2.772141","192.168.0.12","192.168.0.1","TCP","391","52217  >  5431 [PSH, ACK] Seq=1 Ack=1 Win=65536 Len=337 [TCP segment of a reassembled PDU]"
"201","2.782124","192.168.0.12","192.168.0.1","TCP","54","52217  >  5431 [FIN, ACK] Seq=651 Ack=518 Win=65024 Len=0"
"202","2.782669","192.168.0.1","192.168.0.12","TCP","54","5431  >  52217 [FIN, ACK] Seq=518 Ack=651 Win=8192 Len=0"
"203","2.782821","192.168.0.12","192.168.0.1","TCP","54","52217  >  5431 [ACK] Seq=652 Ack=519 Win=65024 Len=0"
"204","2.784773","192.168.0.1","192.168.0.12","TCP","54","5431  >  52217 [ACK] Seq=519 Ack=652 Win=8192 Len=0"
"205","2.787474","192.168.0.12","192.168.0.1","TCP","66","52218  >  5431 [SYN] Seq=0 Win=64240 Len=0 MSS=1460 WS=256 SACK_PERM=1"
"206","2.791611","192.168.0.1","192.168.0.12","TCP","62","5431  >  52218 [SYN, ACK] Seq=0 Ack=1 Win=8192 Len=0 MSS=1460 WS=1"
"207","2.791835","192.168.0.12","192.168.0.1","TCP","54","52218  >  5431 [ACK] Seq=1 Ack=1 Win=65536 Len=0"
"208","2.792081","192.168.0.12","192.168.0.1","TCP","387","52218  >  5431 [PSH, ACK] Seq=1 Ack=1 Win=65536 Len=333 [TCP segment of a reassembled PDU]"
"211","2.798960","192.168.0.12","192.168.0.1","TCP","54","52218  >  5431 [FIN, ACK] Seq=643 Ack=502 Win=65024 Len=0"
"212","2.799581","192.168.0.1","192.168.0.12","TCP","54","5431  >  52218 [FIN, ACK] Seq=502 Ack=643 Win=8192 Len=0"
"213","2.799742","192.168.0.12","192.168.0.1","TCP","54","52218  >  5431 [ACK] Seq=644 Ack=503 Win=65024 Len=0"
"214","2.802582","192.168.0.1","192.168.0.12","TCP","54","5431  >  52218 [ACK] Seq=503 Ack=644 Win=8192 Len=0"
"215","2.803150","192.168.0.12","192.168.0.1","TCP","66","52219  >  5431 [SYN] Seq=0 Win=64240 Len=0 MSS=1460 WS=256 SACK_PERM=1"
"216","2.807589","192.168.0.1","192.168.0.12","TCP","62","5431  >  52219 [SYN, ACK] Seq=0 Ack=1 Win=8192 Len=0 MSS=1460 WS=1"
"217","2.807807","192.168.0.12","192.168.0.1","TCP","54","52219  >  5431 [ACK] Seq=1 Ack=1 Win=65536 Len=0"
"218","2.808048","192.168.0.12","192.168.0.1","TCP","391","52219  >  5431 [PSH, ACK] Seq=1 Ack=1 Win=65536 Len=337 [TCP segment of a reassembled PDU]"
"221","2.814033","192.168.0.12","192.168.0.1","TCP","54","52219  >  5431 [FIN, ACK] Seq=651 Ack=518 Win=65024 Len=0"
"222","2.814589","192.168.0.1","192.168.0.12","TCP","54","5431  >  52219 [FIN, ACK] Seq=518 Ack=651 Win=8192 Len=0"
"223","2.814765","192.168.0.12","192.168.0.1","TCP","54","52219  >  5431 [ACK] Seq=652 Ack=519 Win=65024 Len=0"
"224","2.817013","192.168.0.1","192.168.0.12","TCP","54","5431  >  52219 [ACK] Seq=519 Ack=652 Win=8192 Len=0"
"225","2.819043","192.168.0.12","192.168.0.1","TCP","66","52220  >  5431 [SYN] Seq=0 Win=64240 Len=0 MSS=1460 WS=256 SACK_PERM=1"
"226","2.824507","192.168.0.1","192.168.0.12","TCP","62","5431  >  52220 [SYN, ACK] Seq=0 Ack=1 Win=8192 Len=0 MSS=1460 WS=1"
"227","2.824706","192.168.0.12","192.168.0.1","TCP","54","52220  >  5431 [ACK] Seq=1 Ack=1 Win=65536 Len=0"
"228","2.824930","192.168.0.12","192.168.0.1","TCP","387","52220  >  5431 [PSH, ACK] Seq=1 Ack=1 Win=65536 Len=333 [TCP segment of a reassembled PDU]"
"230","2.833230","192.168.0.1","192.168.0.12","TCP","54","5431  >  52220 [ACK] Seq=1 Ack=643 Win=7550 Len=0"
"232","2.839627","192.168.0.1","192.168.0.12","TCP","54","5431  >  52220 [FIN, ACK] Seq=502 Ack=643 Win=8192 Len=0"
"233","2.839800","192.168.0.12","192.168.0.1","TCP","54","52220  >  5431 [ACK] Seq=643 Ack=503 Win=65024 Len=0"
"234","2.839843","192.168.0.12","192.168.0.1","TCP","54","52220  >  5431 [FIN, ACK] Seq=643 Ack=503 Win=65024 Len=0"
"235","2.843719","192.168.0.12","192.168.0.1","TCP","66","52221  >  5431 [SYN] Seq=0 Win=64240 Len=0 MSS=1460 WS=256 SACK_PERM=1"
"236","2.844972","192.168.0.1","192.168.0.12","TCP","54","5431  >  52220 [ACK] Seq=503 Ack=644 Win=8192 Len=0"
"237","2.847643","192.168.0.1","192.168.0.12","TCP","62","5431  >  52221 [SYN, ACK] Seq=0 Ack=1 Win=8192 Len=0 MSS=1460 WS=1"
"238","2.847835","192.168.0.12","192.168.0.1","TCP","54","52221  >  5431 [ACK] Seq=1 Ack=1 Win=65536 Len=0"
"239","2.848087","192.168.0.12","192.168.0.1","TCP","391","52221  >  5431 [PSH, ACK] Seq=1 Ack=1 Win=65536 Len=337 [TCP segment of a reassembled PDU]"
"242","2.853749","192.168.0.12","192.168.0.1","TCP","54","52221  >  5431 [FIN, ACK] Seq=651 Ack=518 Win=65024 Len=0"
"243","2.855184","192.168.0.1","192.168.0.12","TCP","54","5431  >  52221 [FIN, ACK] Seq=518 Ack=651 Win=8192 Len=0"
"244","2.855332","192.168.0.12","192.168.0.1","TCP","54","52221  >  5431 [ACK] Seq=652 Ack=519 Win=65024 Len=0"
"245","2.857295","192.168.0.1","192.168.0.12","TCP","54","5431  >  52221 [ACK] Seq=519 Ack=652 Win=8192 Len=0"
"247","3.818523","192.168.0.12","192.168.0.1","TCP","66","52222  >  5431 [SYN] Seq=0 Win=64240 Len=0 MSS=1460 WS=256 SACK_PERM=1"
"248","3.821309","192.168.0.1","192.168.0.12","TCP","62","5431  >  52222 [SYN, ACK] Seq=0 Ack=1 Win=8192 Len=0 MSS=1460 WS=1"
"249","3.821495","192.168.0.12","192.168.0.1","TCP","54","52222  >  5431 [ACK] Seq=1 Ack=1 Win=65536 Len=0"
"250","3.821712","192.168.0.12","192.168.0.1","TCP","387","52222  >  5431 [PSH, ACK] Seq=1 Ack=1 Win=65536 Len=333 [TCP segment of a reassembled PDU]"
"253","3.827897","192.168.0.1","192.168.0.12","TCP","54","5431  >  52222 [FIN, ACK] Seq=502 Ack=643 Win=8192 Len=0"
"254","3.828084","192.168.0.12","192.168.0.1","TCP","54","52222  >  5431 [ACK] Seq=643 Ack=503 Win=65024 Len=0"
"255","3.828171","192.168.0.12","192.168.0.1","TCP","54","52222  >  5431 [FIN, ACK] Seq=643 Ack=503 Win=65024 Len=0"
"256","3.832369","192.168.0.12","192.168.0.1","TCP","66","52223  >  5431 [SYN] Seq=0 Win=64240 Len=0 MSS=1460 WS=256 SACK_PERM=1"
"257","3.835613","192.168.0.1","192.168.0.12","TCP","54","5431  >  52222 [ACK] Seq=503 Ack=644 Win=8192 Len=0"
"258","3.836944","192.168.0.1","192.168.0.12","TCP","62","5431  >  52223 [SYN, ACK] Seq=0 Ack=1 Win=8192 Len=0 MSS=1460 WS=1"
"259","3.837098","192.168.0.12","192.168.0.1","TCP","54","52223  >  5431 [ACK] Seq=1 Ack=1 Win=65536 Len=0"
"260","3.837315","192.168.0.12","192.168.0.1","TCP","391","52223  >  5431 [PSH, ACK] Seq=1 Ack=1 Win=65536 Len=337 [TCP segment of a reassembled PDU]"
"263","3.843591","192.168.0.12","192.168.0.1","TCP","54","52223  >  5431 [FIN, ACK] Seq=651 Ack=518 Win=65024 Len=0"
"264","3.844228","192.168.0.1","192.168.0.12","TCP","54","5431  >  52223 [FIN, ACK] Seq=518 Ack=651 Win=8192 Len=0"
"265","3.844382","192.168.0.12","192.168.0.1","TCP","54","52223  >  5431 [ACK] Seq=652 Ack=519 Win=65024 Len=0"
"266","3.846543","192.168.0.1","192.168.0.12","TCP","54","5431  >  52223 [ACK] Seq=519 Ack=652 Win=8192 Len=0"
"267","3.848622","192.168.0.12","192.168.0.1","TCP","66","52224  >  5431 [SYN] Seq=0 Win=64240 Len=0 MSS=1460 WS=256 SACK_PERM=1"
"268","3.851386","192.168.0.1","192.168.0.12","TCP","62","5431  >  52224 [SYN, ACK] Seq=0 Ack=1 Win=8192 Len=0 MSS=1460 WS=1"
"269","3.851572","192.168.0.12","192.168.0.1","TCP","54","52224  >  5431 [ACK] Seq=1 Ack=1 Win=65536 Len=0"
"270","3.851789","192.168.0.12","192.168.0.1","TCP","387","52224  >  5431 [PSH, ACK] Seq=1 Ack=1 Win=65536 Len=333 [TCP segment of a reassembled PDU]"
"273","3.857526","192.168.0.12","192.168.0.1","TCP","54","52224  >  5431 [FIN, ACK] Seq=643 Ack=502 Win=65024 Len=0"
"274","3.858026","192.168.0.1","192.168.0.12","TCP","54","5431  >  52224 [FIN, ACK] Seq=502 Ack=643 Win=8192 Len=0"
"275","3.858162","192.168.0.12","192.168.0.1","TCP","54","52224  >  5431 [ACK] Seq=644 Ack=503 Win=65024 Len=0"
"276","3.860341","192.168.0.1","192.168.0.12","TCP","54","5431  >  52224 [ACK] Seq=503 Ack=644 Win=8192 Len=0"
"277","3.862152","192.168.0.12","192.168.0.1","TCP","66","52225  >  5431 [SYN] Seq=0 Win=64240 Len=0 MSS=1460 WS=256 SACK_PERM=1"
"278","3.864975","192.168.0.1","192.168.0.12","TCP","62","5431  >  52225 [SYN, ACK] Seq=0 Ack=1 Win=8192 Len=0 MSS=1460 WS=1"
"279","3.865167","192.168.0.12","192.168.0.1","TCP","54","52225  >  5431 [ACK] Seq=1 Ack=1 Win=65536 Len=0"
"280","3.865401","192.168.0.12","192.168.0.1","TCP","391","52225  >  5431 [PSH, ACK] Seq=1 Ack=1 Win=65536 Len=337 [TCP segment of a reassembled PDU]"
"283","3.874246","192.168.0.12","192.168.0.1","TCP","54","52225  >  5431 [FIN, ACK] Seq=651 Ack=518 Win=65024 Len=0"
"285","3.883971","192.168.0.1","192.168.0.12","TCP","54","5431  >  52225 [FIN, ACK] Seq=518 Ack=651 Win=8192 Len=0"
"286","3.883973","192.168.0.1","192.168.0.12","TCP","54","5431  >  52225 [ACK] Seq=519 Ack=652 Win=8192 Len=0"
"287","3.884146","192.168.0.12","192.168.0.1","TCP","54","52225  >  5431 [ACK] Seq=652 Ack=519 Win=65024 Len=0"
"291","4.245210","192.168.0.12","5.45.205.244","TCP","54","52096  >  443 [ACK] Seq=573 Ack=881 Win=255 Len=0"
"293","4.632330","37.9.96.15","192.168.0.12","TCP","54","443  >  52137 [FIN, ACK] Seq=32 Ack=1 Win=11 Len=0"
"294","4.633045","192.168.0.12","37.9.96.15","TCP","54","52137  >  443 [ACK] Seq=1 Ack=33 Win=255 Len=0"
"296","4.633183","192.168.0.12","37.9.96.15","TCP","54","52137  >  443 [FIN, ACK] Seq=32 Ack=33 Win=255 Len=0"
"297","4.741393","192.168.0.12","37.9.96.14","TCP","376","[TCP Retransmission] 52212  >  443 [PSH, ACK] Seq=832 Ack=652 Win=65536 Len=322"
"299","4.813558","192.168.0.12","5.45.205.244","TCP","66","[TCP Dup ACK 291#1] 52096  >  443 [ACK] Seq=573 Ack=881 Win=255 Len=0 SLE=441 SRE=881"
"300","5.053139","37.9.96.15","192.168.0.12","TCP","54","443  >  52137 [RST] Seq=33 Win=0 Len=0"
"301","5.053140","37.9.96.15","192.168.0.12","TCP","54","443  >  52137 [RST] Seq=33 Win=0 Len=0"
"302","5.159908","23.101.67.210","192.168.0.12","TCP","54","443  >  51944 [RST, ACK] Seq=1 Ack=1 Win=0 Len=0"
"303","5.167539","23.101.67.210","192.168.0.12","TCP","54","443  >  51930 [RST, ACK] Seq=1 Ack=1 Win=0 Len=0"
"305","5.268958","192.168.0.12","192.168.0.1","TCP","66","52226  >  5431 [SYN] Seq=0 Win=64240 Len=0 MSS=1460 WS=256 SACK_PERM=1"
"306","5.271959","192.168.0.1","192.168.0.12","TCP","62","5431  >  52226 [SYN, ACK] Seq=0 Ack=1 Win=8192 Len=0 MSS=1460 WS=1"
"307","5.272148","192.168.0.12","192.168.0.1","TCP","54","52226  >  5431 [ACK] Seq=1 Ack=1 Win=65536 Len=0"
"308","5.272356","192.168.0.12","192.168.0.1","TCP","387","52226  >  5431 [PSH, ACK] Seq=1 Ack=1 Win=65536 Len=333 [TCP segment of a reassembled PDU]"
"311","5.278739","192.168.0.12","192.168.0.1","TCP","54","52226  >  5431 [FIN, ACK] Seq=643 Ack=502 Win=65024 Len=0"
"312","5.278948","192.168.0.1","192.168.0.12","TCP","54","5431  >  52226 [FIN, ACK] Seq=502 Ack=643 Win=8192 Len=0"
"313","5.279050","192.168.0.12","192.168.0.1","TCP","54","52226  >  5431 [ACK] Seq=644 Ack=503 Win=65024 Len=0"
"314","5.281777","192.168.0.1","192.168.0.12","TCP","54","5431  >  52226 [ACK] Seq=503 Ack=644 Win=8192 Len=0"
"315","5.282815","192.168.0.12","192.168.0.1","TCP","66","52227  >  5431 [SYN] Seq=0 Win=64240 Len=0 MSS=1460 WS=256 SACK_PERM=1"
"316","5.292094","192.168.0.1","192.168.0.12","TCP","62","5431  >  52227 [SYN, ACK] Seq=0 Ack=1 Win=8192 Len=0 MSS=1460 WS=1"
"317","5.292292","192.168.0.12","192.168.0.1","TCP","54","52227  >  5431 [ACK] Seq=1 Ack=1 Win=65536 Len=0"
"318","5.292610","192.168.0.12","192.168.0.1","TCP","391","52227  >  5431 [PSH, ACK] Seq=1 Ack=1 Win=65536 Len=337 [TCP segment of a reassembled PDU]"
"321","5.298802","192.168.0.12","192.168.0.1","TCP","54","52227  >  5431 [FIN, ACK] Seq=651 Ack=518 Win=65024 Len=0"
"322","5.298991","192.168.0.1","192.168.0.12","TCP","54","5431  >  52227 [FIN, ACK] Seq=518 Ack=651 Win=8192 Len=0"
"323","5.299081","192.168.0.12","192.168.0.1","TCP","54","52227  >  5431 [ACK] Seq=652 Ack=519 Win=65024 Len=0"
"324","5.301866","192.168.0.1","192.168.0.12","TCP","54","5431  >  52227 [ACK] Seq=519 Ack=652 Win=8192 Len=0"
"325","5.303116","192.168.0.12","192.168.0.1","TCP","66","52228  >  5431 [SYN] Seq=0 Win=64240 Len=0 MSS=1460 WS=256 SACK_PERM=1"
"326","5.305599","192.168.0.12","37.9.96.14","TCP","54","52212  >  443 [ACK] Seq=1154 Ack=1103 Win=65024 Len=0"
"327","5.306239","192.168.0.1","192.168.0.12","TCP","62","5431  >  52228 [SYN, ACK] Seq=0 Ack=1 Win=8192 Len=0 MSS=1460 WS=1"
"328","5.306414","192.168.0.12","192.168.0.1","TCP","54","52228  >  5431 [ACK] Seq=1 Ack=1 Win=65536 Len=0"
"329","5.306646","192.168.0.12","192.168.0.1","TCP","387","52228  >  5431 [PSH, ACK] Seq=1 Ack=1 Win=65536 Len=333 [TCP segment of a reassembled PDU]"
"332","5.316698","192.168.0.12","192.168.0.1","TCP","54","52228  >  5431 [FIN, ACK] Seq=643 Ack=502 Win=65024 Len=0"
"333","5.316956","192.168.0.1","192.168.0.12","TCP","54","5431  >  52228 [FIN, ACK] Seq=502 Ack=643 Win=8192 Len=0"
"334","5.317072","192.168.0.12","192.168.0.1","TCP","54","52228  >  5431 [ACK] Seq=644 Ack=503 Win=65024 Len=0"
"335","5.319812","192.168.0.1","192.168.0.12","TCP","54","5431  >  52228 [ACK] Seq=503 Ack=644 Win=8192 Len=0"
"336","5.320228","192.168.0.12","192.168.0.1","TCP","66","52229  >  5431 [SYN] Seq=0 Win=64240 Len=0 MSS=1460 WS=256 SACK_PERM=1"
"337","5.322993","192.168.0.1","192.168.0.12","TCP","62","5431  >  52229 [SYN, ACK] Seq=0 Ack=1 Win=8192 Len=0 MSS=1460 WS=1"
"338","5.323174","192.168.0.12","192.168.0.1","TCP","54","52229  >  5431 [ACK] Seq=1 Ack=1 Win=65536 Len=0"
"339","5.323402","192.168.0.12","192.168.0.1","TCP","391","52229  >  5431 [PSH, ACK] Seq=1 Ack=1 Win=65536 Len=337 [TCP segment of a reassembled PDU]"
"342","5.329864","192.168.0.12","192.168.0.1","TCP","54","52229  >  5431 [FIN, ACK] Seq=651 Ack=518 Win=65024 Len=0"
"343","5.330057","192.168.0.1","192.168.0.12","TCP","54","5431  >  52229 [FIN, ACK] Seq=518 Ack=651 Win=8192 Len=0"
"344","5.330178","192.168.0.12","192.168.0.1","TCP","54","52229  >  5431 [ACK] Seq=652 Ack=519 Win=65024 Len=0"
"345","5.333363","192.168.0.1","192.168.0.12","TCP","54","5431  >  52229 [ACK] Seq=519 Ack=652 Win=8192 Len=0"
"346","5.334432","192.168.0.12","192.168.0.1","TCP","66","52230  >  5431 [SYN] Seq=0 Win=64240 Len=0 MSS=1460 WS=256 SACK_PERM=1"
"347","5.337381","192.168.0.1","192.168.0.12","TCP","62","5431  >  52230 [SYN, ACK] Seq=0 Ack=1 Win=8192 Len=0 MSS=1460 WS=1"
"348","5.337575","192.168.0.12","192.168.0.1","TCP","54","52230  >  5431 [ACK] Seq=1 Ack=1 Win=65536 Len=0"
"349","5.337790","192.168.0.12","192.168.0.1","TCP","387","52230  >  5431 [PSH, ACK] Seq=1 Ack=1 Win=65536 Len=333 [TCP segment of a reassembled PDU]"
"352","5.344396","192.168.0.12","192.168.0.1","TCP","54","52230  >  5431 [FIN, ACK] Seq=643 Ack=502 Win=65024 Len=0"
"353","5.344527","192.168.0.1","192.168.0.12","TCP","54","5431  >  52230 [FIN, ACK] Seq=502 Ack=643 Win=8192 Len=0"
"354","5.344605","192.168.0.12","192.168.0.1","TCP","54","52230  >  5431 [ACK] Seq=644 Ack=503 Win=65024 Len=0"
"355","5.347434","192.168.0.1","192.168.0.12","TCP","54","5431  >  52230 [ACK] Seq=503 Ack=644 Win=8192 Len=0"
"356","5.348103","192.168.0.12","192.168.0.1","TCP","66","52231  >  5431 [SYN] Seq=0 Win=64240 Len=0 MSS=1460 WS=256 SACK_PERM=1"
"357","5.350804","192.168.0.1","192.168.0.12","TCP","62","5431  >  52231 [SYN, ACK] Seq=0 Ack=1 Win=8192 Len=0 MSS=1460 WS=1"
"358","5.350977","192.168.0.12","192.168.0.1","TCP","54","52231  >  5431 [ACK] Seq=1 Ack=1 Win=65536 Len=0"
"359","5.351184","192.168.0.12","192.168.0.1","TCP","391","52231  >  5431 [PSH, ACK] Seq=1 Ack=1 Win=65536 Len=337 [TCP segment of a reassembled PDU]"
"362","5.357104","192.168.0.12","192.168.0.1","TCP","54","52231  >  5431 [FIN, ACK] Seq=651 Ack=518 Win=65024 Len=0"
"363","5.357408","192.168.0.1","192.168.0.12","TCP","54","5431  >  52231 [FIN, ACK] Seq=518 Ack=651 Win=8192 Len=0"
"364","5.357518","192.168.0.12","192.168.0.1","TCP","54","52231  >  5431 [ACK] Seq=652 Ack=519 Win=65024 Len=0"
"365","5.360864","192.168.0.1","192.168.0.12","TCP","54","5431  >  52231 [ACK] Seq=519 Ack=652 Win=8192 Len=0"
"366","5.361354","192.168.0.12","192.168.0.1","TCP","66","52232  >  5431 [SYN] Seq=0 Win=64240 Len=0 MSS=1460 WS=256 SACK_PERM=1"
"367","5.366078","192.168.0.1","192.168.0.12","TCP","62","5431  >  52232 [SYN, ACK] Seq=0 Ack=1 Win=8192 Len=0 MSS=1460 WS=1"
"368","5.366272","192.168.0.12","192.168.0.1","TCP","54","52232  >  5431 [ACK] Seq=1 Ack=1 Win=65536 Len=0"
"369","5.366498","192.168.0.12","192.168.0.1","TCP","387","52232  >  5431 [PSH, ACK] Seq=1 Ack=1 Win=65536 Len=333 [TCP segment of a reassembled PDU]"
"372","5.375799","192.168.0.1","192.168.0.12","TCP","54","5431  >  52232 [FIN, ACK] Seq=502 Ack=643 Win=8192 Len=0"
"373","5.376002","192.168.0.12","192.168.0.1","TCP","54","52232  >  5431 [ACK] Seq=643 Ack=503 Win=65024 Len=0"
"374","5.376092","192.168.0.12","192.168.0.1","TCP","54","52232  >  5431 [FIN, ACK] Seq=643 Ack=503 Win=65024 Len=0"
"375","5.380507","192.168.0.1","192.168.0.12","TCP","54","5431  >  52232 [ACK] Seq=503 Ack=644 Win=8192 Len=0"
"376","5.380532","192.168.0.12","192.168.0.1","TCP","66","52233  >  5431 [SYN] Seq=0 Win=64240 Len=0 MSS=1460 WS=256 SACK_PERM=1"
"377","5.383693","192.168.0.1","192.168.0.12","TCP","62","5431  >  52233 [SYN, ACK] Seq=0 Ack=1 Win=8192 Len=0 MSS=1460 WS=1"
"378","5.383912","192.168.0.12","192.168.0.1","TCP","54","52233  >  5431 [ACK] Seq=1 Ack=1 Win=65536 Len=0"
"379","5.384159","192.168.0.12","192.168.0.1","TCP","391","52233  >  5431 [PSH, ACK] Seq=1 Ack=1 Win=65536 Len=337 [TCP segment of a reassembled PDU]"
"382","5.390407","192.168.0.12","192.168.0.1","TCP","54","52233  >  5431 [FIN, ACK] Seq=651 Ack=518 Win=65024 Len=0"
"383","5.390648","192.168.0.1","192.168.0.12","TCP","54","5431  >  52233 [FIN, ACK] Seq=518 Ack=651 Win=8192 Len=0"
"384","5.390791","192.168.0.12","192.168.0.1","TCP","54","52233  >  5431 [ACK] Seq=652 Ack=519 Win=65024 Len=0"
"385","5.393886","192.168.0.1","192.168.0.12","TCP","54","5431  >  52233 [ACK] Seq=519 Ack=652 Win=8192 Len=0"
"386","6.364167","192.168.0.12","192.168.0.1","TCP","66","52234  >  5431 [SYN] Seq=0 Win=64240 Len=0 MSS=1460 WS=256 SACK_PERM=1"
"387","6.371170","192.168.0.1","192.168.0.12","TCP","62","5431  >  52234 [SYN, ACK] Seq=0 Ack=1 Win=8192 Len=0 MSS=1460 WS=1"
"388","6.371376","192.168.0.12","192.168.0.1","TCP","54","52234  >  5431 [ACK] Seq=1 Ack=1 Win=65536 Len=0"
"389","6.371651","192.168.0.12","192.168.0.1","TCP","387","52234  >  5431 [PSH, ACK] Seq=1 Ack=1 Win=65536 Len=333 [TCP segment of a reassembled PDU]"
"392","6.379376","192.168.0.12","192.168.0.1","TCP","54","52234  >  5431 [FIN, ACK] Seq=643 Ack=502 Win=65024 Len=0"
"393","6.383196","192.168.0.1","192.168.0.12","TCP","54","5431  >  52234 [FIN, ACK] Seq=502 Ack=643 Win=8192 Len=0"
"394","6.383439","192.168.0.12","192.168.0.1","TCP","54","52234  >  5431 [ACK] Seq=644 Ack=503 Win=65024 Len=0"
"395","6.383919","192.168.0.12","192.168.0.1","TCP","66","52235  >  5431 [SYN] Seq=0 Win=64240 Len=0 MSS=1460 WS=256 SACK_PERM=1"
"396","6.385253","192.168.0.1","192.168.0.12","TCP","54","5431  >  52234 [ACK] Seq=503 Ack=644 Win=8192 Len=0"
"397","6.388418","192.168.0.1","192.168.0.12","TCP","62","5431  >  52235 [SYN, ACK] Seq=0 Ack=1 Win=8192 Len=0 MSS=1460 WS=1"
"398","6.388634","192.168.0.12","192.168.0.1","TCP","54","52235  >  5431 [ACK] Seq=1 Ack=1 Win=65536 Len=0"
"399","6.388889","192.168.0.12","192.168.0.1","TCP","391","52235  >  5431 [PSH, ACK] Seq=1 Ack=1 Win=65536 Len=337 [TCP segment of a reassembled PDU]"
"402","6.397379","192.168.0.12","192.168.0.1","TCP","54","52235  >  5431 [FIN, ACK] Seq=651 Ack=518 Win=65024 Len=0"
"403","6.397526","192.168.0.1","192.168.0.12","TCP","54","5431  >  52235 [FIN, ACK] Seq=518 Ack=651 Win=8192 Len=0"
"404","6.397629","192.168.0.12","192.168.0.1","TCP","54","52235  >  5431 [ACK] Seq=652 Ack=519 Win=65024 Len=0"
"405","6.400539","192.168.0.1","192.168.0.12","TCP","54","5431  >  52235 [ACK] Seq=519 Ack=652 Win=8192 Len=0"
"406","6.402123","192.168.0.12","192.168.0.1","TCP","66","52236  >  5431 [SYN] Seq=0 Win=64240 Len=0 MSS=1460 WS=256 SACK_PERM=1"
"407","6.406591","192.168.0.1","192.168.0.12","TCP","62","5431  >  52236 [SYN, ACK] Seq=0 Ack=1 Win=8192 Len=0 MSS=1460 WS=1"
"408","6.406823","192.168.0.12","192.168.0.1","TCP","54","52236  >  5431 [ACK] Seq=1 Ack=1 Win=65536 Len=0"
"409","6.407094","192.168.0.12","192.168.0.1","TCP","387","52236  >  5431 [PSH, ACK] Seq=1 Ack=1 Win=65536 Len=333 [TCP segment of a reassembled PDU]"
"412","6.417120","192.168.0.1","192.168.0.12","TCP","54","5431  >  52236 [FIN, ACK] Seq=502 Ack=643 Win=8192 Len=0"
"413","6.417327","192.168.0.12","192.168.0.1","TCP","54","52236  >  5431 [ACK] Seq=643 Ack=503 Win=65024 Len=0"
"414","6.417365","192.168.0.12","192.168.0.1","TCP","54","52236  >  5431 [FIN, ACK] Seq=643 Ack=503 Win=65024 Len=0"
"415","6.422020","192.168.0.12","192.168.0.1","TCP","66","52237  >  5431 [SYN] Seq=0 Win=64240 Len=0 MSS=1460 WS=256 SACK_PERM=1"
"416","6.423303","192.168.0.1","192.168.0.12","TCP","54","5431  >  52236 [ACK] Seq=503 Ack=644 Win=8192 Len=0"
"417","6.425309","192.168.0.1","192.168.0.12","TCP","62","5431  >  52237 [SYN, ACK] Seq=0 Ack=1 Win=8192 Len=0 MSS=1460 WS=1"
"418","6.425517","192.168.0.12","192.168.0.1","TCP","54","52237  >  5431 [ACK] Seq=1 Ack=1 Win=65536 Len=0"
"419","6.425784","192.168.0.12","192.168.0.1","TCP","391","52237  >  5431 [PSH, ACK] Seq=1 Ack=1 Win=65536 Len=337 [TCP segment of a reassembled PDU]"
"422","6.431628","192.168.0.12","192.168.0.1","TCP","54","52237  >  5431 [FIN, ACK] Seq=651 Ack=518 Win=65024 Len=0"
"423","6.431802","192.168.0.1","192.168.0.12","TCP","54","5431  >  52237 [FIN, ACK] Seq=518 Ack=651 Win=8192 Len=0"
"424","6.431886","192.168.0.12","192.168.0.1","TCP","54","52237  >  5431 [ACK] Seq=652 Ack=519 Win=65024 Len=0"
"425","6.437368","192.168.0.1","192.168.0.12","TCP","54","5431  >  52237 [ACK] Seq=519 Ack=652 Win=8192 Len=0"
"442","7.401940","192.168.0.12","192.168.0.1","TCP","66","52238  >  5431 [SYN] Seq=0 Win=64240 Len=0 MSS=1460 WS=256 SACK_PERM=1"
"443","7.404902","192.168.0.1","192.168.0.12","TCP","62","5431  >  52238 [SYN, ACK] Seq=0 Ack=1 Win=8192 Len=0 MSS=1460 WS=1"
"444","7.405112","192.168.0.12","192.168.0.1","TCP","54","52238  >  5431 [ACK] Seq=1 Ack=1 Win=65536 Len=0"
"445","7.405371","192.168.0.12","192.168.0.1","TCP","387","52238  >  5431 [PSH, ACK] Seq=1 Ack=1 Win=65536 Len=333 [TCP segment of a reassembled PDU]"
"448","7.411612","192.168.0.12","192.168.0.1","TCP","54","52238  >  5431 [FIN, ACK] Seq=643 Ack=502 Win=65024 Len=0"
"449","7.411937","192.168.0.1","192.168.0.12","TCP","54","5431  >  52238 [FIN, ACK] Seq=502 Ack=643 Win=8192 Len=0"
"450","7.412062","192.168.0.12","192.168.0.1","TCP","54","52238  >  5431 [ACK] Seq=644 Ack=503 Win=65024 Len=0"
"451","7.415598","192.168.0.1","192.168.0.12","TCP","54","5431  >  52238 [ACK] Seq=503 Ack=644 Win=8192 Len=0"
"452","7.415615","192.168.0.12","192.168.0.1","TCP","66","52239  >  5431 [SYN] Seq=0 Win=64240 Len=0 MSS=1460 WS=256 SACK_PERM=1"
"453","7.418840","192.168.0.1","192.168.0.12","TCP","62","5431  >  52239 [SYN, ACK] Seq=0 Ack=1 Win=8192 Len=0 MSS=1460 WS=1"
"454","7.419046","192.168.0.12","192.168.0.1","TCP","54","52239  >  5431 [ACK] Seq=1 Ack=1 Win=65536 Len=0"
"455","7.419300","192.168.0.12","192.168.0.1","TCP","391","52239  >  5431 [PSH, ACK] Seq=1 Ack=1 Win=65536 Len=337 [TCP segment of a reassembled PDU]"
"457","7.428975","192.168.0.1","192.168.0.12","TCP","54","5431  >  52239 [ACK] Seq=1 Ack=651 Win=7542 Len=0"
"459","7.431849","192.168.0.12","192.168.0.1","TCP","54","52239  >  5431 [FIN, ACK] Seq=651 Ack=518 Win=65024 Len=0"
"460","7.432450","192.168.0.1","192.168.0.12","TCP","54","5431  >  52239 [FIN, ACK] Seq=518 Ack=651 Win=8192 Len=0"
"461","7.432589","192.168.0.12","192.168.0.1","TCP","54","52239  >  5431 [ACK] Seq=652 Ack=519 Win=65024 Len=0"
"462","7.435160","192.168.0.1","192.168.0.12","TCP","54","5431  >  52239 [ACK] Seq=519 Ack=652 Win=8192 Len=0"
"463","7.436166","192.168.0.12","192.168.0.1","TCP","66","52240  >  5431 [SYN] Seq=0 Win=64240 Len=0 MSS=1460 WS=256 SACK_PERM=1"
"464","7.439635","192.168.0.1","192.168.0.12","TCP","62","5431  >  52240 [SYN, ACK] Seq=0 Ack=1 Win=8192 Len=0 MSS=1460 WS=1"
"465","7.439817","192.168.0.12","192.168.0.1","TCP","54","52240  >  5431 [ACK] Seq=1 Ack=1 Win=65536 Len=0"
"466","7.440038","192.168.0.12","192.168.0.1","TCP","387","52240  >  5431 [PSH, ACK] Seq=1 Ack=1 Win=65536 Len=333 [TCP segment of a reassembled PDU]"
"469","7.446861","192.168.0.12","192.168.0.1","TCP","54","52240  >  5431 [FIN, ACK] Seq=643 Ack=502 Win=65024 Len=0"
"470","7.447037","192.168.0.1","192.168.0.12","TCP","54","5431  >  52240 [FIN, ACK] Seq=502 Ack=643 Win=8192 Len=0"
"471","7.447136","192.168.0.12","192.168.0.1","TCP","54","52240  >  5431 [ACK] Seq=644 Ack=503 Win=65024 Len=0"
"472","7.449750","192.168.0.1","192.168.0.12","TCP","54","5431  >  52240 [ACK] Seq=503 Ack=644 Win=8192 Len=0"
"473","7.450755","192.168.0.12","192.168.0.1","TCP","66","52241  >  5431 [SYN] Seq=0 Win=64240 Len=0 MSS=1460 WS=256 SACK_PERM=1"
"474","7.458012","192.168.0.1","192.168.0.12","TCP","62","5431  >  52241 [SYN, ACK] Seq=0 Ack=1 Win=8192 Len=0 MSS=1460 WS=1"
"475","7.458213","192.168.0.12","192.168.0.1","TCP","54","52241  >  5431 [ACK] Seq=1 Ack=1 Win=65536 Len=0"
"476","7.458430","192.168.0.12","192.168.0.1","TCP","391","52241  >  5431 [PSH, ACK] Seq=1 Ack=1 Win=65536 Len=337 [TCP segment of a reassembled PDU]"
"479","7.473673","192.168.0.12","192.168.0.1","TCP","54","52241  >  5431 [FIN, ACK] Seq=651 Ack=518 Win=65024 Len=0"
"480","7.474234","192.168.0.1","192.168.0.12","TCP","54","5431  >  52241 [FIN, ACK] Seq=518 Ack=651 Win=8192 Len=0"
"481","7.474382","192.168.0.12","192.168.0.1","TCP","54","52241  >  5431 [ACK] Seq=652 Ack=519 Win=65024 Len=0"
"482","7.476277","192.168.0.1","192.168.0.12","TCP","54","5431  >  52241 [ACK] Seq=519 Ack=652 Win=8192 Len=0"
"485","7.815987","192.168.0.12","37.9.96.12","TCP","66","52242  >  443 [SYN] Seq=0 Win=64240 Len=0 MSS=1460 WS=256 SACK_PERM=1"
"486","7.855593","192.168.0.12","5.45.205.244","TCP","54","52096  >  443 [ACK] Seq=859 Ack=1321 Win=253 Len=0"
"487","8.026350","37.9.96.12","192.168.0.12","TCP","66","443  >  52242 [SYN, ACK] Seq=0 Ack=1 Win=42300 Len=0 MSS=1410 SACK_PERM=1 WS=4096"
"488","8.026687","192.168.0.12","37.9.96.12","TCP","54","52242  >  443 [ACK] Seq=1 Ack=1 Win=66048 Len=0"
